id,predicted,true,error,abs_error,squared_error
0,20.118856,21.1666563,-1.0478002999999987,1.0478002999999987,1.0978854686800872
1,17.754658,15.5174904,2.2371675999999994,2.2371675999999994,5.004918870489758
2,14.873155,14.7806568,0.09249820000000142,0.09249820000000142,0.008555917003240262
3,17.09708,18.3334531,-1.2363731000000016,1.2363731000000016,1.5286184424036138
4,17.554358,15.6017395,1.9526184999999998,1.9526184999999998,3.8127190065422494
5,14.234549,14.2595263,-0.024977299999999758,0.024977299999999758,0.0006238655152899879
6,16.642166,15.9391573,0.7030086999999998,0.7030086999999998,0.49422123227568976
7,17.413212,16.3529954,1.0602166000000004,1.0602166000000004,1.1240592389155608
8,18.860819,21.2179793,-2.3571603000000003,2.3571603000000003,5.556204679896092
9,20.568083,19.6755659,0.8925171000000027,0.8925171000000027,0.7965867737924148
10,18.170803,17.2765605,0.8942425000000007,0.8942425000000007,0.7996696488062512
11,20.97948,20.6154801,0.3639998999999996,0.3639998999999996,0.13249592720000972
12,21.25293,20.832547,0.4203829999999975,0.4203829999999975,0.1767218666889979
13,22.545538,25.2984217,-2.752883699999998,2.752883699999998,7.57836866572568
14,22.978123,21.331901,1.6462220000000016,1.6462220000000016,2.7100468732840053
15,25.120268,25.8409917,-0.7207237000000006,0.7207237000000006,0.5194426517416909
16,26.785604,25.7246215,1.060982499999998,1.060982499999998,1.1256838653062455
17,4.719224,3.5714286,1.1477953999999997,1.1477953999999997,1.3174342802611594
18,6.6847925,6.6964286,-0.011636099999999594,0.011636099999999594,0.00013539882320999055
19,9.184988,7.3275862,1.8574018000000008,1.8574018000000008,3.4499414466432428
20,7.8341436,7.0093458,0.8247977999999998,0.8247977999999998,0.6802914108848397
21,6.162118,5.9090909,0.2530271000000006,0.2530271000000006,0.06402271333441031
22,5.681575,5.7692308,-0.08765580000000028,0.08765580000000028,0.0076835392736400495
23,6.324065,5.6818182,0.6422467999999997,0.6422467999999997,0.4124809521102396
24,7.9516153,8.2608696,-0.3092542999999992,0.3092542999999992,0.09563822206848951
25,9.900183,9.7826087,0.11757429999999935,0.11757429999999935,0.013823716020489847
26,7.3379145,6.1151079,1.2228066000000002,1.2228066000000002,1.4952559810035604
27,4.8232994,2.8688525,1.9544468999999998,1.9544468999999998,3.819862684919609
28,8.571783,8.203125,0.36865799999999993,0.36865799999999993,0.13590872096399995
29,13.840099,10.8208955,3.0192034999999997,3.0192034999999997,9.115589774412248
30,15.465796,19.9029126,-4.437116600000001,4.437116600000001,19.68800372199557
31,15.716699,17.6300578,-1.9133587999999992,1.9133587999999992,3.660941897537437
32,18.066422,16.1971831,1.8692388999999991,1.8692388999999991,3.4940540652732066
33,7.5054893,6.8069307,0.6985586000000001,0.6985586000000001,0.4879841176339602
34,7.3095026,7.2207084,0.08879419999999971,0.08879419999999971,0.007884409953639948
35,6.807377,6.5349544,0.2724225999999996,0.2724225999999996,0.0742140729907598
36,5.8773003,5.1181102,0.7591900999999996,0.7591900999999996,0.5763696079380095
37,6.5819674,6.3984088,0.18355859999999957,0.18355859999999957,0.03369375963395984
38,8.56964,7.8223641,0.7472759,0.7472759,0.5584212707208099
39,6.714301,6.1915888,0.5227122,0.5227122,0.27322804402883993
40,7.385543,7.2580645,0.1274785000000005,0.1274785000000005,0.016250767962250126
41,8.931379,8.255814,0.6755649999999989,0.6755649999999989,0.45638806922499847
42,7.001528,7.793765,-0.7922369999999992,0.7922369999999992,0.6276394641689987
43,7.9676666,7.9746835,-0.007016899999999993,0.007016899999999993,4.923688560999989e-05
44,8.176706,8.2796088,-0.10290280000000074,0.10290280000000074,0.010588986247840151
45,9.929763,10.4391387,-0.5093757000000014,0.5093757000000014,0.25946360375049143
46,11.9580345,12.7419355,-0.7839010000000002,0.7839010000000002,0.6145007778010003
47,12.341992,12.3562711,-0.014279100000001321,0.014279100000001321,0.00020389269681003774
48,11.974762,11.434535,0.5402269999999998,0.5402269999999998,0.2918452115289998
49,12.260286,13.3623834,-1.1020974,1.1020974,1.2146186790867597
50,13.247116,11.6971911,1.5499249000000006,1.5499249000000006,2.402267195640012
51,14.239997,14.3835876,-0.14359059999999957,0.14359059999999957,0.020618260408359877
52,14.247218,14.3317368,-0.08451879999999967,0.08451879999999967,0.007143427553439945
53,13.69124,14.1324615,-0.44122149999999927,0.44122149999999927,0.19467641206224937
54,15.345944,15.0278315,0.3181124999999998,0.3181124999999998,0.10119556265624988
55,10.976896,11.8561182,-0.8792221999999992,0.8792221999999992,0.7730316769728386
56,16.367897,18.5327156,-2.1648186000000003,2.1648186000000003,4.686439570905961
57,22.631384,21.914875,0.7165090000000021,0.7165090000000021,0.5133851470810029
58,19.774612,19.5945593,0.18005270000000095,0.18005270000000095,0.032418974777290346
59,17.679874,16.5887773,1.0910967000000014,1.0910967000000014,1.190492008750893
60,15.262641,15.3179279,-0.05528690000000047,0.05528690000000047,0.003056641311610052
61,14.113147,16.9999773,-2.8868303000000015,2.8868303000000015,8.3337891809981
62,20.274673,20.2072249,0.06744810000000001,0.06744810000000001,0.004549246193610001
63,20.583546,22.0972803,-1.513734300000003,1.513734300000003,2.291391530996499
64,25.402502,24.9036323,0.49886969999999664,0.49886969999999664,0.24887097757808666
65,25.297832,24.2956773,1.0021546999999984,1.0021546999999984,1.0043140427320867
66,23.449293,24.2159161,-0.7666231000000003,0.7666231000000003,0.5877109774536106
67,7.244916,7.4020762,-0.15716019999999986,0.15716019999999986,0.024699328464039955
68,6.289253,5.8006015,0.48865150000000046,0.48865150000000046,0.23878028845225044
69,5.730736,5.9224199,-0.19168390000000013,0.19168390000000013,0.03674271751921005
70,6.191433,6.4376443,-0.2462112999999997,0.2462112999999997,0.060620004247689846
71,6.673909,7.0303907,-0.3564816999999998,0.3564816999999998,0.12707920243488985
72,6.5602255,6.0283494,0.5318760999999999,0.5318760999999999,0.28289218575120983
73,5.117255,5.1221708,-0.004915800000000026,0.004915800000000026,2.4165089640000253e-05
74,5.484643,5.6577171,-0.1730741,0.1730741,0.029954644090810004
75,5.676405,5.2189761,0.4574289,0.4574289,0.20924119855521003
76,5.518937,4.9910788,0.5278581999999998,0.5278581999999998,0.27863427930723983
77,5.734235,5.5663131,0.16792189999999962,0.16792189999999962,0.028197764499609874
78,6.2782745,5.7298869,0.5483875999999999,0.5483875999999999,0.30072895983375986
79,6.431942,7.0930233,-0.6610812999999993,0.6610812999999993,0.4370284852096891
80,8.594633,8.9872271,-0.39259410000000017,0.39259410000000017,0.15413012735481013
81,8.01808,8.3439092,-0.32582920000000115,0.32582920000000115,0.10616466757264074
82,7.9008713,7.3928966,0.5079747000000001,0.5079747000000001,0.25803829584009014
83,8.092602,8.5251268,-0.43252480000000126,0.43252480000000126,0.18707770261504109
84,5.614914,5.8333372,-0.21842320000000015,0.21842320000000015,0.04770869429824007
85,5.9295387,5.727556,0.2019827000000003,0.2019827000000003,0.04079701109929012
86,5.920439,5.082419,0.8380200000000002,0.8380200000000002,0.7022775204000004
87,5.4981422,4.4167069,1.0814352999999999,1.0814352999999999,1.1695023080860898
88,5.3354053,4.7562064,0.5791988999999997,0.5791988999999997,0.33547136576120967
89,7.213994,7.4114872,-0.19749320000000026,0.19749320000000026,0.0390035640462401
90,8.142694,8.2175771,-0.0748830999999992,0.0748830999999992,0.0056074786656098805
91,7.4133024,7.9268544,-0.5135519999999998,0.5135519999999998,0.2637356567039998
92,7.913719,8.1560496,-0.24233059999999895,0.24233059999999895,0.05872411969635949
93,8.067075,8.8461584,-0.7790833999999993,0.7790833999999993,0.606970944155559
94,7.8906174,8.9939079,-1.1032905,1.1032905,1.21724992739025
95,9.238332,11.0962351,-1.8579030999999997,1.8579030999999997,3.4518039289896087
96,13.270249,14.3080171,-1.037768100000001,1.037768100000001,1.076962629377612
97,18.991117,19.6792826,-0.6881656000000014,0.6881656000000014,0.4735718930233619
98,20.925446,20.541816,0.38363000000000014,0.38363000000000014,0.1471719769000001
99,22.10562,20.4128534,1.6927665999999988,1.6927665999999988,2.865458762075556
100,3.4289646,2.7511962,0.6777684000000002,0.6777684000000002,0.4593700040385602
101,3.2730355,2.6649746,0.6080609000000003,0.6080609000000003,0.36973805810881044
102,3.3253994,3.708134,-0.38273460000000004,0.38273460000000004,0.14648577403716004
103,4.1200695,3.1969309,0.9231385999999997,0.9231385999999997,0.8521848748099594
104,4.147522,4.1866029,-0.0390808999999992,0.0390808999999992,0.0015273167448099372
105,3.8185241,2.886836,0.9316880999999997,0.9316880999999997,0.8680427156816094
106,3.0192268,2.9352227,0.08400410000000003,0.08400410000000003,0.007056688816810004
107,4.318734,3.5714286,0.7473054000000001,0.7473054000000001,0.5584653608691602
108,4.610901,3.8065844,0.8043165999999999,0.8043165999999999,0.64692519303556
109,5.930073,5.019685,0.9103880000000002,0.9103880000000002,0.8288063105440003
110,5.677536,5.0395257,0.6380102999999995,0.6380102999999995,0.40705714290608935
111,5.123515,5.7544757,-0.6309607000000002,0.6309607000000002,0.3981114049444902
112,6.6224585,7.1256039,-0.5031454000000002,0.5031454000000002,0.2531552935411602
113,9.494963,10.2011494,-0.7061864,0.7061864,0.49869923154496
114,9.097221,10.7142857,-1.6170647000000002,1.6170647000000002,2.6148982439860906
115,9.917408,8.9424572,0.9749508000000002,0.9749508000000002,0.9505290624206404
116,9.789318,10.1481481,-0.3588301000000005,0.3588301000000005,0.12875904066601035
117,10.160043,9.9154746,0.24456840000000035,0.24456840000000035,0.05981370227856017
118,10.045118,10.5207593,-0.4756412999999995,0.4756412999999995,0.2262346462656895
119,9.870961,9.7606582,0.11030279999999948,0.11030279999999948,0.012166707687839885
120,9.468869,9.1594841,0.3093848999999995,0.3093848999999995,0.09571901634800971
121,9.4922285,8.9677885,0.5244400000000002,0.5244400000000002,0.2750373136000003
122,9.434166,9.7679633,-0.3337973000000005,0.3337973000000005,0.11142063748729035
123,9.582468,9.0297463,0.5527217000000011,0.5527217000000011,0.3055012776508912
124,9.889188,9.4689055,0.4202825000000008,0.4202825000000008,0.17663737980625066
125,9.909859,9.4633779,0.4464811000000015,0.4464811000000015,0.19934537265721136
126,9.453562,9.8642141,-0.4106521000000001,0.4106521000000001,0.16863514723441006
127,11.396707,12.0087294,-0.6120224000000007,0.6120224000000007,0.3745714181017609
128,10.944579,10.3827711,0.5618078999999998,0.5618078999999998,0.3156281165024098
129,9.754217,9.6474036,0.10681340000000006,0.10681340000000006,0.011409102419560013
130,11.133888,11.570742,-0.4368539999999985,0.4368539999999985,0.1908414173159987
131,13.628509,14.4196403,-0.7911313,0.7911313,0.62588873383969
132,13.583759,14.1233739,-0.5396149000000001,0.5396149000000001,0.2911842403020101
133,13.499263,14.1771297,-0.6778667000000009,0.6778667000000009,0.45950326296889127
134,15.177986,14.6036411,0.5743448999999998,0.5743448999999998,0.3298720641560098
135,13.554407,12.7754211,0.7789858999999986,0.7789858999999986,0.6068190323988077
136,13.480374,13.8384542,-0.35808019999999985,0.35808019999999985,0.1282214296320399
137,14.962754,16.2546667,-1.291912700000001,1.291912700000001,1.6690384244212926
138,14.026859,13.2267597,0.8000992999999994,0.8000992999999994,0.6401588898604891
139,12.674948,11.1607581,1.5141898999999999,1.5141898999999999,2.2927710532620096
140,12.668431,13.0246531,-0.3562221000000001,0.3562221000000001,0.12689418452841006
141,14.491218,13.677703,0.8135150000000007,0.8135150000000007,0.661806655225001
142,13.782581,13.4218683,0.36071270000000055,0.36071270000000055,0.1301136519412904
143,14.093021,13.5277001,0.5653208999999997,0.5653208999999997,0.3195877199768096
144,13.258167,13.5415483,-0.2833813000000003,0.2833813000000003,0.08030496118969016
145,13.0010605,12.597586,0.40347449999999974,0.40347449999999974,0.16279167215024978
146,14.317186,13.9566995,0.3604865000000004,0.3604865000000004,0.12995051668225027
147,14.256518,13.7277514,0.5287665999999991,0.5287665999999991,0.27959411727555905
148,16.82688,17.3650831,-0.5382031000000005,0.5382031000000005,0.28966257684961055
149,16.223804,15.7271648,0.4966392000000006,0.4966392000000006,0.2466504949766406
150,13.448857,13.0035922,0.44526480000000035,0.44526480000000035,0.19826074211904032
151,14.517658,18.2203081,-3.7026500999999996,3.7026500999999996,13.709617763030007
152,17.554539,16.9451021,0.6094368999999986,0.6094368999999986,0.3714133350816083
153,18.62117,16.1302905,2.4908794999999984,2.4908794999999984,6.2044806835202415
154,17.887594,16.1642711,1.7233228999999994,1.7233228999999994,2.969841817664408
155,15.8386965,14.4365994,1.4020970999999989,1.4020970999999989,1.965876277828407
156,18.778618,17.9614892,0.8171288000000025,0.8171288000000025,0.6676994757894441
157,25.548744,24.6664535,0.8822904999999999,0.8822904999999999,0.7784365263902497
158,25.653515,25.2962632,0.35725180000000023,0.35725180000000023,0.12762884860324017
159,24.112452,21.9274195,2.185032500000002,2.185032500000002,4.774367026056258
160,24.791275,24.502197,0.28907799999999995,0.28907799999999995,0.08356609008399997
161,30.66557,31.9831541,-1.3175841000000013,1.3175841000000013,1.7360278605728132
162,32.737175,31.2902783,1.4468967,1.4468967,2.09351006047089
163,27.395039,25.6980887,1.696950300000001,1.696950300000001,2.8796403206700933
164,34.47755,30.689703,3.7878469999999993,3.7878469999999993,14.347784895408994
165,36.723274,34.3017959,2.4214781000000016,2.4214781000000016,5.863556188779618
166,38.0114,36.4982833,1.5131167000000048,1.5131167000000048,2.2895221478189045
167,9.083998,8.7231977,0.3608002999999993,0.3608002999999993,0.1301768564800895
168,9.63898,9.5000011,0.13897889999999968,0.13897889999999968,0.01931513464520991
169,10.37262,10.8190845,-0.44646450000000115,0.44646450000000115,0.19933054976025102
170,10.282906,9.8275896,0.45531640000000095,0.45531640000000095,0.20731302410896088
171,8.722491,8.9692864,-0.2467953999999999,0.2467953999999999,0.06090796946115994
172,10.297666,10.4471048,-0.14943880000000043,0.14943880000000043,0.022331954945440127
173,9.314021,8.7096842,0.6043368000000005,0.6043368000000005,0.3652229678342405
174,9.741771,9.9494869,-0.20771590000000018,0.20771590000000018,0.04314589511281007
175,11.7839775,11.9351509,-0.15117339999999935,0.15117339999999935,0.022853396867559803
176,12.446191,13.2614889,-0.8152978999999991,0.8152978999999991,0.6647106657444086
177,13.498088,13.6003871,-0.10229910000000153,0.10229910000000153,0.010465105860810313
178,13.820495,14.7091515,-0.8886565000000015,0.8886565000000015,0.7897103749922527
179,19.469818,19.3055684,0.16424960000000155,0.16424960000000155,0.02697793110016051
180,21.917007,22.2872553,-0.3702483000000001,0.3702483000000001,0.13708380365289005
181,24.067505,24.386666,-0.31916100000000114,0.31916100000000114,0.10186374392100073
182,25.483551,24.7947158,0.6888351999999998,0.6888351999999998,0.47449393275903967
183,25.69931,24.4345269,1.264783099999999,1.264783099999999,1.5996762900456074
184,8.646526,8.8056858,-0.1591597999999994,0.1591597999999994,0.025331841936039812
185,8.143687,8.8862707,-0.7425837000000008,0.7425837000000008,0.5514305515056912
186,9.389669,9.4724574,-0.0827884000000001,0.0827884000000001,0.006853919174560016
187,9.576077,10.0230991,-0.44702209999999987,0.44702209999999987,0.19982875788840987
188,9.57509,10.4625689,-0.8874789000000014,0.8874789000000014,0.7876187979452125
189,10.133359,9.1733852,0.9599738000000002,0.9599738000000002,0.9215496966864404
190,10.197691,9.713681,0.4840100000000014,0.4840100000000014,0.23426568010000134
191,12.72777,13.1460479,-0.41827789999999965,0.41827789999999965,0.1749564016284097
192,14.752811,13.5330673,1.2197436999999987,1.2197436999999987,1.4877746936896867
193,14.026872,13.6534574,0.3734145999999985,0.3734145999999985,0.13943846349315886
194,16.149374,16.9940898,-0.8447157999999995,0.8447157999999995,0.7135447827696391
195,18.76314,20.8937238,-2.1305838,2.1305838,4.539387328822441
196,21.431408,20.823502,0.6079059999999998,0.6079059999999998,0.3695497048359998
197,24.197672,24.8762437,-0.6785716999999991,0.6785716999999991,0.4604595520408888
198,22.634483,25.304374,-2.669891,2.669891,7.128317951880999
199,23.809124,24.0335309,-0.2244068999999982,0.2244068999999982,0.05035845676760919
200,24.96874,24.3039732,0.6647667999999989,0.6647667999999989,0.4419148983822385
201,14.076336,14.8030047,-0.7266687000000012,0.7266687000000012,0.5280473995596917
202,15.97891,15.9435993,0.03531070000000014,0.03531070000000014,0.0012468455344900099
203,15.257278,17.0052278,-1.7479498000000007,1.7479498000000007,3.0553285033200424
204,16.757195,16.5146295,0.24256549999999777,0.24256549999999777,0.05883802179024892
205,15.271432,16.1681904,-0.8967583999999995,0.8967583999999995,0.8041756279705591
206,16.407166,13.7531388,2.6540272,2.6540272,7.043860378339839
207,15.937954,17.6547033,-1.7167493000000018,1.7167493000000018,2.9472281590504963
208,19.738386,20.0731706,-0.33478460000000254,0.33478460000000254,0.1120807283971617
209,21.831213,22.6237102,-0.7924971999999997,0.7924971999999997,0.6280518120078394
210,18.21435,19.5034024,-1.2890523999999992,1.2890523999999992,1.661656089945758
211,20.543339,20.9183745,-0.3750354999999992,0.3750354999999992,0.14065162626024938
212,23.363224,22.772714,0.5905099999999983,0.5905099999999983,0.348702060099998
213,27.82266,28.9355331,-1.1128731000000016,1.1128731000000016,1.2384865367036135
214,35.92159,36.0292573,-0.10766729999999569,0.10766729999999569,0.011592247489289073
215,33.29868,33.9857707,-0.6870907000000059,0.6870907000000059,0.4720936300264982
216,37.240192,38.0346365,-0.7944444999999973,0.7944444999999973,0.6311420635802457
217,35.818916,36.3084764,-0.489560400000002,0.489560400000002,0.23966938524816198
218,14.136619,11.3953541,2.741264899999999,2.741264899999999,7.514533251972005
219,11.379897,10.5911695,0.7887275000000002,0.7887275000000002,0.6220910692562504
220,11.468672,11.502369,-0.03369700000000009,0.03369700000000009,0.001135487809000006
221,12.732621,13.315993,-0.5833720000000007,0.5833720000000007,0.34032289038400076
222,16.027077,14.2492183,1.7778586999999977,1.7778586999999977,3.1607815571656817
223,16.69296,15.6386919,1.0542680999999998,1.0542680999999998,1.1114812266776095
224,17.212923,17.3587564,-0.14583340000000078,0.14583340000000078,0.02126738055556023
225,17.855413,18.6475896,-0.7921766000000012,0.7921766000000012,0.627543765587562
226,15.7050705,16.6667684,-0.961697899999999,0.961697899999999,0.9248628508644081
227,16.737919,18.527915,-1.7899959999999986,1.7899959999999986,3.204085680015995
228,23.352058,21.9444133,1.4076446999999987,1.4076446999999987,1.9814636014380864
229,25.918877,25.0113385,0.9075384999999976,0.9075384999999976,0.8236261289822456
230,28.62182,27.6649887,0.956831300000001,0.956831300000001,0.915526136659692
231,33.2866,34.0909607,-0.8043606999999966,0.8043606999999966,0.6469961357044846
232,32.60211,34.6939406,-2.0918305999999944,2.0918305999999944,4.375755259096337
233,32.838116,30.7192038,2.1189122000000005,2.1189122000000005,4.489788911308842
234,6.0513964,6.4090602,-0.3576638000000001,0.3576638000000001,0.12792339383044007
235,5.650141,6.1957978,-0.5456568000000006,0.5456568000000006,0.29774134338624064
236,6.7207785,7.3672565,-0.6464780000000001,0.6464780000000001,0.41793380448400014
237,9.223662,8.7310397,0.49262229999999896,0.49262229999999896,0.24267673045728896
238,6.9411106,5.898846,1.0422646000000002,1.0422646000000002,1.0863154964131605
239,5.2211485,5.260585,-0.039436499999999874,0.039436499999999874,0.00155523753224999
240,6.7309465,6.9476471,-0.21670060000000024,0.21670060000000024,0.0469591500403601
241,8.209876,7.4477286,0.7621473999999999,0.7621473999999999,0.5808686593267599
242,10.246496,10.9466785,-0.7001825000000004,0.7001825000000004,0.49025553330625055
243,10.957267,10.4644707,0.4927963000000002,0.4927963000000002,0.24284819329369017
244,9.154212,10.143803,-0.9895910000000008,0.9895910000000008,0.9792903472810015
245,11.961758,12.8612568,-0.8994987999999999,0.8994987999999999,0.8090980912014398
246,14.483926,14.0369904,0.44693559999999977,0.44693559999999977,0.1997514305473598
247,13.335769,15.4453594,-2.1095903999999983,2.1095903999999983,4.450371655772153
248,14.490265,16.3920895,-1.9018245,1.9018245,3.61693642880025
249,15.216228,15.1881987,0.028029300000000035,0.028029300000000035,0.0007856416584900019
250,16.317709,16.6661337,-0.3484246999999989,0.3484246999999989,0.12139977157008924
251,15.479244,15.1562547,0.3229892999999997,0.3229892999999997,0.10432208791448981
252,16.180004,15.9163987,0.26360530000000004,0.26360530000000004,0.06948775418809003
253,14.915226,15.6164156,-0.7011895999999993,0.7011895999999993,0.491666855148159
254,13.823072,11.6032757,2.2197963000000005,2.2197963000000005,4.927495613493692
255,13.085925,13.5350318,-0.4491068000000009,0.4491068000000009,0.20169691780624083
256,12.50687,12.2252781,0.2815918999999987,0.2815918999999987,0.07929399814560925
257,12.9657135,11.6864009,1.279312599999999,1.279312599999999,1.6366407285187574
258,14.838049,15.3726708,-0.5346218,0.5346218,0.28582046903524005
259,17.952347,18.5855324,-0.6331854000000021,0.6331854000000021,0.40092375077316267
260,17.070293,15.9774436,1.0928493999999986,1.0928493999999986,1.194319811080357
261,15.659125,17.0498215,-1.3906965000000007,1.3906965000000007,1.934036755112252
262,17.98819,16.1971983,1.7909916999999993,1.7909916999999993,3.2076512694688875
263,16.470749,15.6539867,0.8167623000000006,0.8167623000000006,0.667100654701291
264,19.066587,20.2343492,-1.167762200000002,1.167762200000002,1.3636685557488448
265,20.169401,19.6202441,0.5491568999999998,0.5491568999999998,0.3015733008176098
266,19.289753,20.3411971,-1.0514440999999977,1.0514440999999977,1.105534695424805
267,20.097935,19.6934005,0.40453450000000046,0.40453450000000046,0.16364816169025037
268,6.344701,6.3858696,-0.041168600000000666,0.041168600000000666,0.001694853625960055
269,4.405236,4.4159569,-0.010720899999999922,0.010720899999999922,0.00011493769680999833
270,4.462573,4.7400626,-0.2774896,0.2774896,0.07700047810816
271,5.9390316,5.8912405,0.04779109999999953,0.04779109999999953,0.0022839892392099554
272,5.6447268,5.3623204,0.28240640000000017,0.28240640000000017,0.07975337476096009
273,5.014145,4.0730337,0.9411113000000002,0.9411113000000002,0.8856904789876904
274,4.34445,3.7764362,0.5680138000000001,0.5680138000000001,0.32263967699044016
275,8.147203,8.962267,-0.8150640000000013,0.8150640000000013,0.6643293240960022
276,8.262165,7.6802532,0.5819117999999994,0.5819117999999994,0.33862134297923935
277,5.7708607,4.796513,0.9743477,0.9743477,0.94935344049529
278,6.332692,5.2364936,1.0961983999999996,1.0961983999999996,1.201650932162559
279,6.391968,6.0439627,0.3480053000000005,0.3480053000000005,0.12110768882809037
280,7.8337173,7.3033708,0.5303465000000003,0.5303465000000003,0.2812674100622503
281,10.58444,8.9285714,1.6558686000000016,1.6558686000000016,2.741900820465965
282,8.4226465,7.500185,0.9224615000000007,0.9224615000000007,0.8509352189822513
283,8.661941,8.6036543,0.058286700000000025,0.058286700000000025,0.0033973393968900027
284,9.658289,9.5396327,0.1186562999999996,0.1186562999999996,0.014079317529689906
285,2.6622436,2.6612839,0.0009597000000001188,0.0009597000000001188,9.21024090000228e-07
286,2.740067,2.7559033,-0.015836300000000136,0.015836300000000136,0.0002507883976900043
287,2.8954296,2.6698986,0.22553100000000015,0.22553100000000015,0.05086423196100007
288,3.3982694,3.22861,0.16965940000000002,0.16965940000000002,0.028784312008360007
289,2.7293103,2.594408,0.1349022999999998,0.1349022999999998,0.01819863054528995
290,2.5980167,2.4373905,0.16062620000000027,0.16062620000000027,0.02580077612644009
291,2.9417164,3.1293398,-0.1876234000000001,0.1876234000000001,0.03520254022756004
292,3.7326043,4.3846086,-0.6520042999999998,0.6520042999999998,0.42510960721848967
293,4.2566648,3.6317568,0.6249080000000005,0.6249080000000005,0.3905100084640006
294,2.9747293,2.9360268,0.03870249999999986,0.03870249999999986,0.0014978835062499894
295,3.2066927,2.7878572,0.41883550000000014,0.41883550000000014,0.17542317606025012
296,3.6160913,3.0017127,0.6143785999999998,0.6143785999999998,0.3774610641379597
297,5.0200396,4.2266149,0.7934246999999992,0.7934246999999992,0.6295227545700888
298,6.352413,5.3610386,0.9913744000000007,0.9913744000000007,0.9828232009753612
299,5.556615,5.4154182,0.14119679999999946,0.14119679999999946,0.019936536330239847
300,6.6011047,5.761648,0.8394566999999995,0.8394566999999995,0.7046875511748891
301,5.132249,5.6016498,-0.46940079999999984,0.46940079999999984,0.22033711104063985
302,4.80449,3.5552231,1.2492669000000003,1.2492669000000003,1.5606677874356107
303,5.566121,6.008911,-0.44279000000000046,0.44279000000000046,0.19606298410000042
304,6.5859547,7.101029,-0.5150742999999993,0.5150742999999993,0.2653015345204893
305,6.5551243,7.4637757,-0.9086514000000001,0.9086514000000001,0.8256473667219602
306,8.884952,8.6658305,0.21912149999999997,0.21912149999999997,0.04801423176224999
307,9.837019,9.5209638,0.3160551999999992,0.3160551999999992,0.0998908894470395
308,9.918224,9.7351006,0.1831233999999995,0.1831233999999995,0.033534179627559814
309,8.707302,8.5498976,0.15740440000000078,0.15740440000000078,0.024776145139360245
310,8.473623,9.2297334,-0.7561104000000007,0.7561104000000007,0.5717029369881611
311,10.459888,10.81269,-0.3528020000000005,0.3528020000000005,0.12446925120400036
312,12.171811,11.7246347,0.44717630000000064,0.44717630000000064,0.19996664328169056
313,13.180466,12.3043873,0.876078699999999,0.876078699999999,0.7675138885936882
314,17.001547,18.3398999,-1.3383529000000003,1.3383529000000003,1.7911884849384108
315,24.545242,23.6160514,0.9291905999999983,0.9291905999999983,0.8633951711283568
316,21.73932,21.750554,-0.011234000000001743,0.011234000000001743,0.00012620275600003916
317,21.525707,21.3176881,0.208018899999999,0.208018899999999,0.04327186275720959
318,5.70103,4.9688423,0.7321876999999999,0.7321876999999999,0.5360988280312898
319,7.1540174,6.809534,0.34448339999999966,0.34448339999999966,0.11866881287555976
320,9.341155,9.1349323,0.20622270000000142,0.20622270000000142,0.04252780199529059
321,9.619242,11.1971216,-1.5778795999999993,1.5778795999999993,2.489704032096158
322,8.526685,9.5713642,-1.0446791999999991,1.0446791999999991,1.0913546309126383
323,9.278723,9.7468558,-0.4681328000000011,0.4681328000000011,0.21914831843584107
324,10.1507015,10.4907106,-0.3400090999999996,0.3400090999999996,0.11560618808280974
325,9.803409,10.003386,-0.19997700000000052,0.19997700000000052,0.039990800529000205
326,11.15451,11.6277721,-0.47326209999999946,0.47326209999999946,0.22397701529640948
327,13.858941,13.0657011,0.7932398999999997,0.7932398999999997,0.6292295389520095
328,13.467121,12.529509,0.9376120000000014,0.9376120000000014,0.8791162625440027
329,13.423338,12.6669824,0.7563555999999991,0.7563555999999991,0.5720737936513587
330,17.09847,15.6230807,1.4753892999999998,1.4753892999999998,2.1767735865544893
331,20.913628,22.1633605,-1.2497325000000004,1.2497325000000004,1.561831321556251
332,22.53357,25.8462192,-3.312649199999999,3.312649199999999,10.973644722260635
333,20.400759,21.1793465,-0.7785875000000004,0.7785875000000004,0.6061984951562507
334,21.234592,20.9574283,0.2771636999999991,0.2771636999999991,0.07681971659768952
335,22.289022,23.6040243,-1.3150022999999997,1.3150022999999997,1.7292310490052893
336,24.115355,23.7257127,0.389642300000002,0.389642300000002,0.15182112194929157
337,25.436142,26.2861548,-0.8500127999999982,0.8500127999999982,0.722521760163837
338,24.026194,24.1562378,-0.13004379999999927,0.13004379999999927,0.01691138991843981
339,23.087854,24.4874581,-1.3996041000000012,1.3996041000000012,1.9588916367368134
340,24.533487,25.6826346,-1.1491475999999992,1.1491475999999992,1.320540206585758
341,27.073414,26.1767115,0.8967025,0.8967025,0.8040753735062499
342,26.750341,25.5077754,1.242565599999999,1.242565599999999,1.5439692703033574
343,26.055374,24.4879946,1.5673794,1.5673794,2.4566781835443603
344,30.969027,29.0246163,1.9444106999999988,1.9444106999999988,3.7807329702744856
345,35.471302,36.0308934,-0.5595913999999951,0.5595913999999951,0.3131425349539545
346,35.68852,36.1679107,-0.4793907000000033,0.4793907000000033,0.22981544324649314
347,34.876766,34.653829,0.22293700000000172,0.22293700000000172,0.049700905969000765
348,31.306147,32.4809262,-1.1747791999999997,1.1747791999999997,1.3801061687526393
349,29.497257,29.6455634,-0.14830639999999917,0.14830639999999917,0.021994788280959753
350,27.25928,27.7031936,-0.44391359999999835,0.44391359999999835,0.19705928426495853
351,23.143713,21.852619,1.291094000000001,1.291094000000001,1.6669237168360027
352,28.92736,27.8052393,1.1221207,1.1221207,1.2591548653684899
353,26.695238,28.0443672,-1.3491292000000001,1.3491292000000001,1.8201495982926403
354,24.617441,23.7815962,0.8358448000000003,0.8358448000000003,0.6986365296870405
355,22.870493,21.6878197,1.1826733000000011,1.1826733000000011,1.3987161345328927
356,25.993443,24.6716554,1.3217876000000004,1.3217876000000004,1.747122459513761
357,24.531012,24.6113769,-0.0803648999999993,0.0803648999999993,0.006458517152009887
358,23.206816,23.2505523,-0.04373629999999906,0.04373629999999906,0.001912863937689918
359,22.36466,21.9576659,0.40699410000000213,0.40699410000000213,0.16564419743481174
360,24.85011,27.2477248,-2.3976147999999995,2.3976147999999995,5.748556729179038
361,27.507967,28.6885428,-1.1805757999999997,1.1805757999999997,1.3937592195456394
362,26.114841,25.3970079,0.7178331,0.7178331,0.51528435945561
363,25.174133,27.1795873,-2.0054543000000002,2.0054543000000002,4.021846949388491
364,26.064102,26.7880883,-0.7239863,0.7239863,0.5241561625876899
365,23.23902,24.2088572,-0.9698372000000006,0.9698372000000006,0.9405841945038412
366,21.980974,22.4202355,-0.43926150000000064,0.43926150000000064,0.19295066538225056
367,19.959185,19.5247768,0.4344082,0.4344082,0.18871048422724002
368,17.990887,18.7927321,-0.8018450999999978,0.8018450999999978,0.6429555643940064
369,27.574047,25.8521558,1.7218912000000017,1.7218912000000017,2.964909304637446
370,25.383022,23.7378273,1.6451947000000011,1.6451947000000011,2.7066656009080936
371,23.458849,22.9409216,0.5179274000000014,0.5179274000000014,0.26824879167076143
372,25.829552,25.1660992,0.6634527999999982,0.6634527999999982,0.4401696178278376
373,24.256954,22.284305,1.9726490000000005,1.9726490000000005,3.891344077201002
374,25.259893,23.7792583,1.480634700000003,1.480634700000003,2.192279114844099
375,29.030931,28.4644181,0.5665128999999993,0.5665128999999993,0.32093686586640924
376,28.203276,28.8652662,-0.6619902000000017,0.6619902000000017,0.4382310248960423
377,22.784058,22.851359,-0.06730099999999695,0.06730099999999695,0.004529424600999589
378,25.162762,21.9029634,3.2597986,3.2597986,10.626286912561959
379,24.364134,23.9406876,0.42344639999999956,0.42344639999999956,0.17930685367295962
380,22.200487,21.434834,0.7656530000000004,0.7656530000000004,0.5862245164090005
381,24.105017,26.3594431,-2.2544261,2.2544261,5.082437040361209
382,24.61746,24.17843,0.4390300000000025,0.4390300000000025,0.19274734090000217
383,20.46071,18.7199178,1.7407921999999978,1.7407921999999978,3.0303574835808322
384,19.994072,21.4280472,-1.4339752000000026,1.4339752000000026,2.0562848742150472
385,21.209158,20.0586606,1.150497399999999,1.150497399999999,1.3236442674067577
386,21.677816,21.8105168,-0.1327007999999985,0.1327007999999985,0.017609502320639604
387,23.58999,21.6928901,1.8970999000000006,1.8970999000000006,3.598988030580012
388,26.40663,25.1932476,1.2133824000000004,1.2133824000000004,1.472296848629761
389,28.128115,30.1929142,-2.0647991999999995,2.0647991999999995,4.263395736320638
390,26.027962,27.0807578,-1.052795800000002,1.052795800000002,1.108378996497644
391,26.026775,27.4695716,-1.4427965999999977,1.4427965999999977,2.0816620289715533
392,25.258224,24.9390779,0.31914609999999755,0.31914609999999755,0.10185423314520843
393,25.460747,25.2843472,0.17639980000000222,0.17639980000000222,0.031116889440040783
394,24.199615,24.4635034,-0.263888399999999,0.263888399999999,0.06963708765455949
395,25.576859,25.9673244,-0.3904654000000001,0.3904654000000001,0.15246322859716005
396,26.360994,25.7533804,0.6076136000000005,0.6076136000000005,0.36919428690496064
397,25.183802,27.2217063,-2.037904300000001,2.037904300000001,4.153053935958494
398,24.666374,26.7723747,-2.106000699999999,2.106000699999999,4.435238948400486
399,23.524042,23.7640004,-0.23995839999999902,0.23995839999999902,0.057580033730559525
400,21.55894,21.5555556,0.0033843999999980667,0.0033843999999980667,1.1454163359986914e-05
401,23.317339,25.9555698,-2.6382307999999988,2.6382307999999988,6.960261754068633
402,20.974617,18.9927404,1.9818765999999997,1.9818765999999997,3.9278348576275586
403,11.961213,10.8719683,1.0892447,1.0892447,1.1864540164780901
404,11.782894,11.5219746,0.2609194000000006,0.2609194000000006,0.0680789332963603
405,13.005494,13.8308077,-0.8253136999999988,0.8253136999999988,0.681142703407688
406,13.778769,13.8510508,-0.07228179999999895,0.07228179999999895,0.005224658611239849
407,14.463192,13.8410028,0.6221891999999993,0.6221891999999993,0.3871194005966392
408,14.451091,14.719633,-0.26854200000000006,0.26854200000000006,0.07211480576400003
409,14.845254,15.4824629,-0.6372088999999992,0.6372088999999992,0.406035182239209
410,13.832344,15.05737,-1.2250259999999997,1.2250259999999997,1.5006887006759992
411,12.368083,11.8372895,0.5307934999999997,0.5307934999999997,0.2817417396422497
412,13.168908,13.6969106,-0.5280026000000007,0.5280026000000007,0.2787867456067607
413,14.582539,14.6109308,-0.028391799999999634,0.028391799999999634,0.0008060943072399793
414,15.1827345,15.4278186,-0.2450840999999997,0.2450840999999997,0.06006621607280985
415,15.54443,14.7459101,0.7985199000000005,0.7985199000000005,0.6376340306960108
416,13.493164,13.0727618,0.42040219999999984,0.42040219999999984,0.17673800976483986
417,13.389636,13.5314813,-0.14184529999999995,0.14184529999999995,0.020120089132089986
418,13.695925,13.9587072,-0.2627821999999984,0.2627821999999984,0.06905448463683916
419,13.0931835,13.5348875,-0.44170399999999965,0.44170399999999965,0.1951024236159997
420,18.820993,18.7693183,0.05167470000000307,0.05167470000000307,0.0026702746200903175
421,18.00386,16.3352363,1.6686237000000013,1.6686237000000013,2.7843050522016943
422,17.71897,16.4686901,1.250279899999999,1.250279899999999,1.5631998283440072
423,18.12777,19.0479943,-0.9202242999999974,0.9202242999999974,0.8468127623104853
424,19.330137,19.8213746,-0.49123759999999805,0.49123759999999805,0.2413143796537581
425,16.412086,18.8468396,-2.4347536000000005,2.4347536000000005,5.9280250927129625
426,16.711548,17.6362442,-0.9246961999999996,0.9246961999999996,0.8550630622944393
427,14.63052,13.7258753,0.9046447000000004,0.9046447000000004,0.8183820332380908
428,15.093474,14.9064064,0.18706760000000067,0.18706760000000067,0.03499428696976025
429,17.33734,18.3225931,-0.9852530999999978,0.9852530999999978,0.9707236710596057
430,16.67689,18.0972767,-1.4203866999999981,1.4203866999999981,2.0174983775368847
431,15.492094,17.1809358,-1.6888418000000005,1.6888418000000005,2.8521866254272417
432,15.140962,15.5539114,-0.41294940000000047,0.41294940000000047,0.1705272069603604
433,14.497302,16.3533641,-1.8560621000000008,1.8560621000000008,3.444966519056413
434,15.347391,15.3233189,0.024072099999999708,0.024072099999999708,0.0005794659984099859
435,12.038475,12.6252264,-0.5867514000000007,0.5867514000000007,0.34427720540196083
436,11.011428,11.8142194,-0.8027914000000003,0.8027914000000003,0.6444740319139605
437,7.0068684,6.9773765,0.029491900000000015,0.029491900000000015,0.0008697721656100009
438,6.216608,5.9697921,0.24681589999999964,0.24681589999999964,0.06091808849280982
439,7.1445456,7.5860525,-0.44150690000000026,0.44150690000000026,0.19492834274761023
440,9.613306,9.9190297,-0.3057236999999997,0.3057236999999997,0.09346698074168983
441,9.918314,10.226721,-0.308406999999999,0.308406999999999,0.09511487764899937
442,9.199369,9.6498902,-0.45052119999999896,0.45052119999999896,0.20296935164943905
443,9.644823,9.5076057,0.13721730000000143,0.13721730000000143,0.01882858741929039
444,10.656684,10.9200472,-0.2633632000000006,0.2633632000000006,0.06936017511424031
445,11.481671,11.8498307,-0.36815969999999965,0.36815969999999965,0.13554156470408973
446,12.134904,11.8494998,0.28540420000000033,0.28540420000000033,0.0814555573776402
447,12.5740795,12.518333,0.0557464999999997,0.0557464999999997,0.0031076722622499667
448,13.171666,13.4557141,-0.2840480999999997,0.2840480999999997,0.08068332311360983
449,13.642938,13.9887668,-0.3458288000000014,0.3458288000000014,0.11959755890944096
450,12.926323,13.0734841,-0.14716109999999993,0.14716109999999993,0.02165638935320998
451,12.552435,12.8265588,-0.2741238000000017,0.2741238000000017,0.07514385772644093
452,12.155977,12.8692002,-0.7132231999999998,0.7132231999999998,0.5086873330182398
453,11.584095,12.3079858,-0.7238908000000013,0.7238908000000013,0.5240178903246419
454,13.748822,14.1755567,-0.426734699999999,0.426734699999999,0.18210250418408916
455,12.374447,12.365038,0.009408999999999779,0.009408999999999779,8.852928099999583e-05
456,13.114695,12.8269752,0.28771979999999964,0.28771979999999964,0.08278268331203979
457,14.373053,13.9285555,0.44449750000000066,0.44449750000000066,0.1975780275062506
458,15.482436,15.832513,-0.35007700000000064,0.35007700000000064,0.12255390592900045
459,17.415903,17.7502228,-0.3343197999999994,0.3343197999999994,0.11176972867203959
460,19.488914,19.3560254,0.13288860000000113,0.13288860000000113,0.017659380009960302
461,18.700787,18.6036579,0.09712909999999653,0.09712909999999653,0.009434062066809325
462,17.895325,18.1188756,-0.22355059999999938,0.22355059999999938,0.049974870760359724
463,18.490547,18.6484487,-0.15790170000000003,0.15790170000000003,0.02493294686289001
464,19.32841,19.8439649,-0.5155548999999979,0.5155548999999979,0.26579685491400784
465,19.517883,19.5857578,-0.06787479999999846,0.06787479999999846,0.004606988475039791
466,19.689867,20.6137044,-0.9238374,0.9238374,0.85347554163876
467,20.870338,20.9194547,-0.049116699999999014,0.049116699999999014,0.002412450218889903
468,21.328827,22.8457608,-1.5169338000000003,1.5169338000000003,2.301088153582441
469,21.908634,21.4762606,0.43237339999999946,0.43237339999999946,0.18694675702755953
470,20.416258,20.4198364,-0.003578400000002091,0.003578400000002091,1.2804946560014965e-05
471,22.23435,21.6736503,0.5606997000000007,0.5606997000000007,0.31438415358009075
472,22.67979,23.7526898,-1.0728997999999983,1.0728997999999983,1.1511139808400364
473,25.490448,25.981099,-0.4906509999999997,0.4906509999999997,0.24073840380099973
474,24.926653,25.492432,-0.5657789999999991,0.5657789999999991,0.320105876840999
475,25.002405,24.8246376,0.17776740000000046,0.17776740000000046,0.031601248502760165
476,26.112268,27.2259938,-1.113725800000001,1.113725800000001,1.2403851575856422
477,25.75727,26.173387,-0.4161170000000034,0.4161170000000034,0.17315335768900283
478,23.741585,25.8144982,-2.0729131999999986,2.0729131999999986,4.296969134734234
479,24.109188,24.085148,0.024039999999999395,0.024039999999999395,0.0005779215999999709
480,23.507174,24.5000078,-0.9928337999999997,0.9928337999999997,0.9857189544224393
481,25.058697,25.9815379,-0.9228409000000006,0.9228409000000006,0.8516353267128112
482,25.743591,26.8203846,-1.076793600000002,1.076793600000002,1.1594844570009644
483,28.01132,28.5535165,-0.5421964999999993,0.5421964999999993,0.29397704461224927
484,25.736437,26.7993367,-1.0628997000000027,1.0628997000000027,1.1297557722600957
485,24.973545,25.3006871,-0.32714209999999966,0.32714209999999966,0.10702195359240978
486,22.98409,23.4955784,-0.5114884000000011,0.5114884000000011,0.2616203833345611
487,20.198898,20.5535262,-0.3546282000000005,0.3546282000000005,0.12576116023524037
488,24.846209,24.4826815,0.3635275,0.3635275,0.13215224325625
489,21.991817,21.1754599,0.8163571000000012,0.8163571000000012,0.666438914720412
490,24.199724,21.9657511,2.2339729000000013,2.2339729000000013,4.990634917934416
491,25.694927,24.9680302,0.7268967999999987,0.7268967999999987,0.528378957850238
492,27.219168,26.6685191,0.5506488999999988,0.5506488999999988,0.30321421107120866
493,26.324936,26.4274131,-0.10247709999999799,0.10247709999999799,0.010501556024409588
494,27.955338,27.3353473,0.6199907000000024,0.6199907000000024,0.384388468086493
495,30.231293,30.5374833,-0.3061903000000008,0.3061903000000008,0.09375249981409049
496,29.81313,30.3056573,-0.492527299999999,0.492527299999999,0.242583141245289
497,29.998837,28.5828208,1.4160162000000014,1.4160162000000014,2.005101878662444
498,30.712502,30.7632063,-0.05070429999999959,0.05070429999999959,0.0025709260384899585
499,32.71737,33.6783339,-0.9609638999999959,0.9609638999999959,0.9234516171032021
500,34.57211,34.2969031,0.2752069000000006,0.2752069000000006,0.07573883780761033
501,32.029633,32.288128,-0.25849500000000347,0.25849500000000347,0.06681966502500179
502,27.69652,26.9797182,0.7168017999999989,0.7168017999999989,0.5138048204832385
503,22.835154,23.2248565,-0.38970250000000206,0.38970250000000206,0.1518680385062516
504,23.126854,22.8307131,0.29614090000000104,0.29614090000000104,0.08769943265281062
505,9.976404,10.0307713,-0.05436729999999912,0.05436729999999912,0.0029558033092899044
506,11.005828,11.6045347,-0.598706700000001,0.598706700000001,0.3584497126248912
507,11.055306,11.2216355,-0.1663294999999998,0.1663294999999998,0.027665502570249932
508,11.467548,11.5176464,-0.05009839999999954,0.05009839999999954,0.002509849682559954
509,11.38622,11.2188767,0.16734330000000064,0.16734330000000064,0.028003780054890213
510,11.479738,11.8488764,-0.36913840000000064,0.36913840000000064,0.1362631583545605
511,12.568937,14.5243303,-1.9553933000000008,1.9553933000000008,3.823562957684893
512,12.27146,13.323914,-1.0524540000000009,1.0524540000000009,1.1076594221160019
513,10.417822,11.2188241,-0.8010021000000016,0.8010021000000016,0.6416043642044126
514,11.57665,12.6275738,-1.0509237999999996,1.0509237999999996,1.1044408334064393
515,12.100818,11.4864501,0.6143678999999995,0.6143678999999995,0.37744791655040943
516,10.740837,11.7894131,-1.0485761,1.0485761,1.09951183749121
517,12.16031,12.5703136,-0.4100035999999996,0.4100035999999996,0.16810295201295966
518,11.973356,12.1834132,-0.2100571999999996,0.2100571999999996,0.04412402727183984
519,10.24409,9.9701075,0.2739825000000007,0.2739825000000007,0.07506641030625037
520,9.206535,8.9391285,0.2674064999999999,0.2674064999999999,0.07150623624224993
521,8.862796,8.7021378,0.1606582000000003,0.1606582000000003,0.0258110572272401
522,18.569391,19.1983174,-0.628926400000001,0.628926400000001,0.3955484166169613
523,20.056175,20.9199916,-0.8638165999999998,0.8638165999999998,0.7461791184355597
524,22.08731,22.545307,-0.45799700000000243,0.45799700000000243,0.20976125200900222
525,23.248705,23.2959027,-0.04719769999999812,0.04719769999999812,0.0022276228852898226
526,24.251677,24.7204433,-0.46876629999999864,0.46876629999999864,0.21974184401568872
527,23.586288,23.5935323,-0.007244299999999981,0.007244299999999981,5.247988248999973e-05
528,25.571735,26.6460883,-1.0743532999999985,1.0743532999999985,1.1542350132208867
529,26.393766,26.3991268,-0.005360800000001831,0.005360800000001831,2.873817664001963e-05
530,25.462751,25.5563926,-0.093641599999998,0.093641599999998,0.008768749250559624
531,24.987055,25.2528992,-0.2658442000000001,0.2658442000000001,0.07067313867364004
532,24.963171,24.698797,0.2643740000000001,0.2643740000000001,0.06989361187600006
533,25.154932,25.0182688,0.13666319999999743,0.13666319999999743,0.018676830234239297
534,24.912426,25.5911686,-0.6787425999999996,0.6787425999999996,0.4606915170547595
535,23.237593,23.861787,-0.6241939999999992,0.6241939999999992,0.38961814963599906
536,21.725512,22.011314,-0.28580200000000033,0.28580200000000033,0.08168278320400019
537,21.414282,21.3563498,0.05793219999999977,0.05793219999999977,0.003356139796839973
538,20.192593,19.9225268,0.2700661999999987,0.2700661999999987,0.0729357523824393
539,14.480561,12.878698,1.6018629999999998,1.6018629999999998,2.5659650707689994
540,13.349174,11.4635265,1.8856474999999993,1.8856474999999993,3.555666494256247
541,13.57765,13.3485673,0.22908270000000108,0.22908270000000108,0.0524788834392905
542,15.481113,16.9385089,-1.457395899999998,1.457395899999998,2.124002809336804
543,15.298554,17.0101445,-1.7115904999999998,1.7115904999999998,2.9295420396902494
544,15.591604,15.8363464,-0.2447423999999998,0.2447423999999998,0.059898842357759906
545,14.319618,13.617932,0.7016860000000005,0.7016860000000005,0.49236324259600067
546,13.4222975,11.2336286,2.1886689000000015,2.1886689000000015,4.790271553827217
547,10.900838,8.9584267,1.9424112999999998,1.9424112999999998,3.7729616583676893
548,11.420258,11.290285,0.12997299999999967,0.12997299999999967,0.016892980728999914
549,12.620211,12.1835403,0.43667069999999875,0.43667069999999875,0.1906813002384889
550,13.0656,13.0503965,0.015203500000000147,0.015203500000000147,0.00023114641225000448
551,11.484794,10.2519276,1.2328664000000007,1.2328664000000007,1.5199595602489617
552,10.064938,9.682934,0.38200400000000023,0.38200400000000023,0.14592705601600017
553,10.100998,11.0541944,-0.9531963999999995,0.9531963999999995,0.9085833769729591
554,10.086543,10.3742026,-0.28765959999999957,0.28765959999999957,0.08274804547215975
555,9.596688,9.3623379,0.23435010000000034,0.23435010000000034,0.05491996937001016
556,13.419671,14.5306784,-1.1110074,1.1110074,1.2343374428547602
557,12.154605,10.3420195,1.8125855000000008,1.8125855000000008,3.2854661948102533
558,13.669208,12.3255602,1.3436477999999994,1.3436477999999994,1.8053894104448385
559,16.942799,17.1899394,-0.24714039999999926,0.24714039999999926,0.061078377312159635
560,18.827147,17.4884357,1.3387113,1.3387113,1.7921479447476898
561,19.572998,18.7336823,0.8393156999999967,0.8393156999999967,0.7044508442664844
562,20.203758,20.215182,-0.011423999999998102,0.011423999999998102,0.00013050777599995665
563,20.2314,19.2587994,0.9726005999999998,0.9726005999999998,0.9459519271203597
564,20.93113,20.4701838,0.46094619999999864,0.46094619999999864,0.21247139929443876
565,21.547396,20.1763506,1.3710453999999999,1.3710453999999999,1.8797654888611597
566,22.692934,22.2169225,0.47601150000000203,0.47601150000000203,0.22658694813225194
567,25.340096,25.948742,-0.6086460000000002,0.6086460000000002,0.3704499533160003
568,26.774265,27.2145669,-0.44030190000000147,0.44030190000000147,0.19386576314361129
569,26.706291,26.0679519,0.6383390999999996,0.6383390999999996,0.40747680658880947
570,24.277746,24.1919519,0.0857941000000011,0.0857941000000011,0.007360627594810188
571,21.130219,20.4839225,0.6462965000000018,0.6462965000000018,0.41769916591225237
572,20.008348,20.1630565,-0.15470849999999814,0.15470849999999814,0.023934719972249423
573,21.448496,22.2379315,-0.7894354999999997,0.7894354999999997,0.6232084086602496
574,21.71752,20.8609587,0.8565612999999992,0.8565612999999992,0.7336972606576886
575,20.445787,20.3131682,0.13261879999999948,0.13261879999999948,0.017587746113439863
576,21.48614,21.5824578,-0.09631780000000134,0.09631780000000134,0.009277118596840259
577,22.347706,21.6014634,0.7462425999999986,0.7462425999999986,0.556878018054758
578,21.838871,22.2455613,-0.4066902999999975,0.4066902999999975,0.16539700011408798
579,23.085663,22.8467659,0.23889709999999909,0.23889709999999909,0.05707182438840956
580,23.21574,23.9096137,-0.693873700000001,0.693873700000001,0.48146071155169146
581,24.062489,23.9863857,0.07610329999999976,0.07610329999999976,0.005791712270889964
582,25.390285,24.6127248,0.7775601999999999,0.7775601999999999,0.6045998646240399
583,25.838585,25.8157772,0.022807799999998934,0.022807799999998934,0.0005201957408399514
584,27.884388,27.5792851,0.3051029000000014,0.3051029000000014,0.09308777958841086
585,28.295998,27.8580069,0.4379911000000014,0.4379911000000014,0.19183620367921123
586,26.506727,26.239266,0.26746100000000084,0.26746100000000084,0.07153538652100044
587,25.207617,25.0084685,0.19914849999999973,0.19914849999999973,0.03966012505224989
588,24.458628,24.3548634,0.10376460000000165,0.10376460000000165,0.010767092213160342
589,24.363083,24.1903968,0.17268620000000112,0.17268620000000112,0.02982052367044039
590,24.34833,26.7301264,-2.381796399999999,2.381796399999999,5.672954091052955
591,23.885113,22.4621276,1.4229854000000017,1.4229854000000017,2.024887448613165
592,22.697948,22.5122284,0.18571959999999876,0.18571959999999876,0.03449176982415954
593,23.814142,25.3325729,-1.5184308999999985,1.5184308999999985,2.3056323980748052
594,25.78235,26.1120215,-0.3296714999999999,0.3296714999999999,0.10868329791224993
595,24.564724,24.3131868,0.2515371999999978,0.2515371999999978,0.06327096298383889
596,21.754963,21.2900796,0.4648834000000015,0.4648834000000015,0.21611657559556138
597,23.354448,23.2383362,0.11611180000000232,0.11611180000000232,0.013481950099240539
598,22.293705,24.7079573,-2.414252300000001,2.414252300000001,5.828614168055296
599,26.661976,27.608902,-0.9469260000000013,0.9469260000000013,0.8966688494760024
600,25.038372,25.0881964,-0.0498244000000021,0.0498244000000021,0.0024824708353602095
601,25.491783,28.1734968,-2.681713799999997,2.681713799999997,7.191588905110425
602,29.497307,31.4549094,-1.957602399999999,1.957602399999999,3.832207156485756
603,26.124075,28.9574364,-2.8333613999999976,2.8333613999999976,8.027936823009947
604,19.89429,20.1876779,-0.29338789999999904,0.29338789999999904,0.08607645986640944
605,18.383394,19.921626,-1.5382320000000007,1.5382320000000007,2.3661576858240023
606,16.418928,15.436956,0.9819720000000007,0.9819720000000007,0.9642690087840015
607,11.801625,12.4126771,-0.6110521000000002,0.6110521000000002,0.37338466891441024
608,12.532666,12.6148911,-0.08222509999999872,0.08222509999999872,0.006760967070009789
609,13.527899,13.8732123,-0.3453133000000008,0.3453133000000008,0.11924127515689056
610,15.998701,15.9654775,0.03322350000000007,0.03322350000000007,0.0011038009522500048
611,16.397306,15.7567455,0.6405605000000012,0.6405605000000012,0.4103177541602515
612,16.959387,17.5510005,-0.5916135000000011,0.5916135000000011,0.35000653338225135
613,20.762203,21.598251,-0.8360480000000017,0.8360480000000017,0.6989762583040028
614,20.322538,20.5135872,-0.19104919999999836,0.19104919999999836,0.03649979682063938
615,20.244003,20.5062062,-0.26220320000000186,0.26220320000000186,0.06875051809024098
616,20.186884,18.4754966,1.7113873999999996,1.7113873999999996,2.9288468328787585
617,19.30401,19.5545026,-0.2504925999999976,0.2504925999999976,0.0627465426547588
618,22.646996,22.7182659,-0.07126989999999722,0.07126989999999722,0.005079398646009604
619,24.643152,25.2240719,-0.5809198999999978,0.5809198999999978,0.33746793021600746
620,22.827684,22.5502001,0.2774839,0.2774839,0.07699731475921
621,20.176918,20.8846852,-0.7077671999999993,0.7077671999999993,0.500934409395839
622,21.410654,22.1005609,-0.6899069000000004,0.6899069000000004,0.4759715306676106
623,19.782349,18.7734615,1.0088875000000002,1.0088875000000002,1.0178539876562502
624,10.410882,10.1527369,0.2581451000000001,0.2581451000000001,0.06663889265401006
625,11.627,12.0155411,-0.3885410999999994,0.3885410999999994,0.15096418638920955
626,11.736952,11.5781694,0.15878260000000033,0.15878260000000033,0.025211914062760105
627,10.844731,10.0150783,0.8296526999999987,0.8296526999999987,0.6883236026172879
628,10.555205,10.8934374,-0.338232399999999,0.338232399999999,0.11440115640975931
629,11.177755,12.5390287,-1.3612737,1.3612737,1.8530660863116897
630,11.344573,11.3733422,-0.028769199999999273,0.028769199999999273,0.0008276668686399582
631,10.987734,12.480684,-1.4929500000000004,1.4929500000000004,2.2288997025000015
632,11.2927685,11.8320791,-0.5393106000000003,0.5393106000000003,0.2908559232723603
633,10.620695,10.6081081,0.012586899999998735,0.012586899999998735,0.00015843005160996816
634,11.206641,11.1511702,0.05547080000000015,0.05547080000000015,0.003077009652640017
635,10.77656,10.4290774,0.3474825999999993,0.3474825999999993,0.12074415730275952
636,10.89851,12.0150061,-1.1164961000000009,1.1164961000000009,1.2465635413152119
637,10.963789,11.5499691,-0.5861801,0.5861801,0.34360710963601
638,9.415089,9.6324139,-0.2173248999999995,0.2173248999999995,0.047230112160009774
639,9.077326,9.7051322,-0.6278062000000002,0.6278062000000002,0.39414062475844025
640,10.363948,11.538454,-1.1745059999999992,1.1745059999999992,1.379464344035998
641,14.757675,15.5626179,-0.8049428999999986,0.8049428999999986,0.6479330722604077
642,16.779976,16.0550175,0.7249584999999996,0.7249584999999996,0.5255648267222495
643,16.350916,15.3333047,1.0176113000000022,1.0176113000000022,1.0355327578876945
644,17.276886,16.323545,0.9533410000000018,0.9533410000000018,0.9088590622810033
645,17.60682,17.5069951,0.099824899999998,0.099824899999998,0.0099650106600096
646,18.022945,18.2666469,-0.24370190000000136,0.24370190000000136,0.059390616063610666
647,19.037663,19.7703987,-0.7327357000000028,0.7327357000000028,0.5369016060544941
648,18.904572,19.4010331,-0.49646109999999766,0.49646109999999766,0.24647362381320767
649,20.618958,20.596651,0.022306999999997856,0.022306999999997856,0.0004976022489999043
650,23.32969,23.1913152,0.13837480000000113,0.13837480000000113,0.01914758527504031
651,21.218834,23.0468951,-1.8280610999999993,1.8280610999999993,3.3418073853332078
652,23.696657,23.6292485,0.0674084999999991,0.0674084999999991,0.004543905872249878
653,25.656725,24.0978593,1.558865700000002,1.558865700000002,2.430062270636496
654,24.15333,23.3247036,0.828626400000001,0.828626400000001,0.6866217107769617
655,21.054083,20.0288184,1.0252645999999999,1.0252645999999999,1.0511675000131597
656,16.02058,14.5424825,1.4780974999999987,1.4780974999999987,2.1847722195062462
657,16.7004,16.5551399,0.145260099999998,0.145260099999998,0.021100496652009422
658,21.809078,21.9497555,-0.1406774999999989,0.1406774999999989,0.01979015900624969
659,20.964638,21.7208329,-0.7561949000000006,0.7561949000000006,0.5718307267860109
660,21.669886,20.3048704,1.365015600000003,1.365015600000003,1.8632675882433685
661,20.004576,19.9048833,0.09969269999999852,0.09969269999999852,0.009938634433289706
662,19.689499,20.1006633,-0.41116429999999937,0.41116429999999937,0.16905608159448948
663,18.041924,19.5478063,-1.5058822999999997,1.5058822999999997,2.267681501453289
664,18.262455,18.3333222,-0.07086720000000213,0.07086720000000213,0.0050221600358403016
665,16.078278,15.4961572,0.5821208000000002,0.5821208000000002,0.33886462579264026
666,15.048498,14.2097396,0.8387583999999997,0.8387583999999997,0.7035156535705595
667,13.542653,12.9403131,0.6023399000000005,0.6023399000000005,0.3628133551320106
668,13.497299,14.7016684,-1.204369400000001,1.204369400000001,1.4505056516563621
669,14.929501,16.2852162,-1.3557152000000006,1.3557152000000006,1.8379637035110414
670,16.52412,17.0751498,-0.5510297999999985,0.5510297999999985,0.3036338404880383
671,15.334282,15.419134,-0.0848519999999997,0.0848519999999997,0.00719986190399995
672,14.88586,13.6446008,1.2412592,1.2412592,1.54072440158464
673,12.981205,13.4341802,-0.4529752000000009,0.4529752000000009,0.20518653181504082
674,12.483451,12.4772268,0.006224200000000124,0.006224200000000124,3.8740665640001545e-05
